Name,Role,Location,Years of Experience,Active?,Current Comp (INR)
Aditi Khanna,Analyst,Jaipur,1-2,Y," 6,53,874 "
Pooja Kaur,Senior Analyst,Banglore,2-3,Y," 7,98,703 "
Kajal Mehta,Analyst,Banglore,1-2,Y," 6,63,851 "
Amaya Joshi,Analyst,Jaipur,0-1,Y," 5,70,000 "
Bilal Kulkarni,Associate,Jaipur,3-4,Y," 9,76,125 "
Girish Reddy,Analyst,Pune,1-2,Y," 6,70,531 "
Esha Dhillon,Analyst,Pune,1-2,Y," 6,52,076 "
Kashi Nair,Analyst,Banglore,1-2,Y," 6,55,787 "
Himanshu Dhillon,Senior Analyst,Pune,2-3,Y," 8,95,396 "
Hetal Bhatia,Senior Analyst,Pune,2-3,Y," 8,20,895 "
Anusha Verma,Analyst,Jaipur,1-2,Y," 6,93,712 "
Mukta Iyer,Analyst,Banglore,1-2,Y," 6,80,229 "
Hari Menon,Analyst,Pune,0-1,N," 5,70,000 "
Jai Menon,Senior Associate,Pune,6-7,Y," 17,04,253 "
Kalpana Sharma,Analyst,Banglore,1-2,Y," 6,69,692 "
Leena Verma,Analyst,Banglore,1-2,Y," 6,77,168 "
Arvind Sinha,Senior Analyst,Jaipur,2-3,Y," 7,34,868 "
Anshul Gupta,Analyst,Jaipur,1-2,Y," 6,67,001 "
Devi Menon,Senir Associate,Jaipur,1-2,Y," 17,14,061 "
Farhan Gupta,Analyst,Pune,,Y," 6,65,610 "
Rajeshwari Joshi,Associate,Banglore,3-4,Y," 11,80,331 "
Damodar Kumar,Associate,Jaipur,4-5,Y," 9,10,994 "
Om Sinha,Senior Analyst,Banglore,2-3,Y," 8,46,412 "
Kunal Kaur,Analyst,Banglore,0-1,Y," 5,70,000 "
Nishant Reddy,Senior Analyst,Banglore,2-3,N," 7,50,000 "
Gowri Iyer,Analyst,Pune,1-2,Y," 6,96,236 "
Akshita Verma,Analyst,Jaipur,0-1,Y," 5,70,000 "
Renu Gupta,Senior Associate,Banglore,5-6,Y," 22,91,090 "
Mira Verma,Analyst,Banglore,0-1,Y," 5,70,000 "
Chhavi Mehta,Associate,Jaipur,4-5,Y," 10,32,250 "
Manasi Kulkarni,Analyst,Banglore,1-2,Y," 6,73,339 "
Kiran Banerjee,Analyst,Banglore,1-2,N," 6,99,114 "
Farah Mehta,Analyst,Pune,0-1,N," 5,70,000 "
Kala Gupta,Analyst,Banglore,0-1,Y," 5,70,000 "
Aayush Verma,Analyst,Jaipur,0-1,Y," 5,70,000 "
Akanksha Mehta,Analyst,Jaipur,1-2,Y," 6,95,543 "
Lohit Reddy,Analyst,Banglore,1-2,Y," 6,83,759 "
Jayesh Chowdhury,Analyst,Banglore,0-1,N," 5,70,000 "
Nirmala Verma,Senior Analyst,Banglore,2-3,Y," 8,39,893 "
Alka Reddy,Analyst,Jaipur,0-1,Y," 5,70,000 "
Praveen Joshi,Senior Analyst,Banglore,2-3,Y," 8,39,782 "
Anisha Chowdhury,Analyst,Jaipur,0-1,Y," 5,70,000 "
Prema Khanna,Associate,Banglore,3-4,Y," 12,54,653 "
Pritha Sinha,Associate,Banglore,4-5,Y," 13,36,002 "
Karthika Joshi,Analyst,Banglore,0-1,N," 5,70,000 "
Kalyani Patel,Analyst,Banglore,0-1,N," 5,70,000 "
Bindiya Pillai,Associate,Jaipur,4-5,Y," 10,98,051 "
Annapurna Mehta,Analyst,Jaipur,0-1,Y," 5,70,000 "
Niraj Kumar,Senior Analyst,Banglore,2-3,N," 7,47,748 "
Nila Patel,Senior Analyst,Banglore,2-3,Y," 7,48,140 "
Bhanu Kapoor,Senior Analyst,Jaipur,2-3,Y," 8,42,482 "
Deepali Joshi,Senir Associate,Jaipur,,Y," 13,24,502 "
Poornima Mehta,Senior Analyst,Banglore,2-3,Y," 7,38,224 "
Manju Kaur,Analyst,Banglore,1-2,Y," 6,63,969 "
Rajesh Kapoor,Associate,Banglore,4-5,Y," 12,64,754 "
Kamala Kumar,Analyst,Banglore,1-2,Y," 6,69,187 "
Reena Dhillon,Senior Associate,Banglore,5-6,Y," 24,52,003 "
Gayathri Kumar,Analyst,Pune,0-1,N," 5,70,000 "
Archana Reddy,Analyst,Jaipur,1-2,Y," 6,56,199 "
Devang Iyer,Senir Associate,Jaipur,,Y," 18,69,885 "
Rati Rao,Senior Associate,Banglore,5-6,Y," 19,15,774 "
Bala Verma,Senior Analyst,Jaipur,2-3,Y," 7,87,635 "
Atul Bhatia,Senior Analyst,Jaipur,2-3,Y," 7,64,485 "
Astha Banerjee,Senior Analyst,Jaipur,2-3,Y," 8,10,920 "
Hima Kaur,Senior Analyst,Pune,2-3,Y," 8,23,326 "
Aarya Reddy,Analyst,Jaipur,1-2,Y," 6,68,855 "
Ravi Bhatia,Senior Associate,Banglore,6-7,Y," 20,07,027 "
Jyoti Kaur,Analyst,Banglore,0-1,Y," 5,70,000 "
Namrata Kulkarni,Analyst,Banglore,1-2,Y," 6,94,768 "
Abhilasha Kapoor,Analyst,Jaipur,1-2,Y," 6,58,651 "
Anmol Dhillon,Analyst,Jaipur,1-2,Y," 6,82,058 "
Ajit Dhillon,Analyst,Jaipur,0-1,Y," 5,70,000 "
Nishita Kapoor,Senior Analyst,Banglore,2-3,N," 8,12,000 "
Nitesh Nair,Senior Analyst,Banglore,2-3,Y," 8,06,381 "
Arun Iyer,Senior Analyst,Jaipur,2-3,Y," 8,13,200 "
Arjun Joshi,Senior Analyst,Jaipur,1-2,Y," 7,23,808 "
Nitya Menon,Senior Analyst,Banglore,1-2,Y," 7,89,598 "
Indira Kumar,Associate,Pune,3-4,Y," 9,07,115 "
Hrithik Gupta,Senior Analyst,Pune,1-2,Y," 8,86,891 "
Nalini Sinha,Analyst,Banglore,0-1,Y," 5,70,000 "
Chandni Kaur,Associate,Jaipur,2-3,N," 9,64,851 "
Avinash Dhillon,Senior Analyst,Jaipur,2-3,Y," 7,65,357 "
Inderjit Patel,Associate,Pune,2-3,Y," 9,91,402 "
Rani Khanna,Manager,Banglore,8-9,Y," 30,79,338 "
Akash Gupta,Analyst,Jaipur,0-1,Y," 5,70,000 "
Anuj Sharma,Analyst,Jaipur,0-1,Y," 5,70,000 "
Punit Bhatia,Associate,Banglore,4-5,N," 10,93,366 "
Mehul Kumar,Analyst,Banglore,1-2,Y," 6,79,372 "
Pratyush Kapoor,Senior Analyst,Banglore,2-3,Y," 8,82,835 "
Harshita Chowdhury,Senior Analyst,Pune,2-3,Y," 8,44,734 "
Bhoomi Menon,Associate,Jaipur,2-3,Y," 9,74,829 "
Manish Chowdhury,Analyst,Banglore,1-2,Y," 6,66,771 "
Lata Sharma,Analyst,Banglore,0-1,Y," 5,70,000 "
Madhuri Nair,Analyst,Banglore,0-1,Y," 5,70,000 "
Poonam Dhillon,Senior Analyst,Banglore,2-3,N," 7,80,000 "
Anita Banerjee,Analyst,Jaipur,1-2,Y," 6,74,629 "
Prem Menon,Associate,Banglore,2-3,Y," 11,61,030 "
Ranjeet Kulkarni,Senior Associate,Banglore,4-5,Y," 17,44,115 "
Chinmay Gupta,Associate,Jaipur,3-4,Y," 9,68,562 "
Rahul Kumar,Associate,Banglore,4-5,Y," 11,07,472 "
Abhijeet Nair,Analyst,Jaipur,0-1,Y," 5,70,000 "
Chandan Bhatia,Associate,Jaipur,4-5,Y," 10,96,816 "
Hiral Mehta,Senior Analyst,Pune,2-3,N," 7,47,378 "
Barkha Reddy,Senior Analyst,Jaipur,2-3,Y," 7,84,515 "
Radhika Sharma,Associate,Banglore,4-5,Y," 10,38,994 "
Akhil Sharma,Analyst,Jaipur,1-2,Y," 6,61,872 "
Ketan Pillai,Analyst,Banglore,1-2,N," 6,89,119 "
Harini Khanna,Analyst,Pune,1-2,Y," 6,79,122 "
Jagadish Nair,Senior Associate,Pune,4-5,Y," 21,19,272 "
Mohini Joshi,Analyst,Banglore,1-2,Y," 6,75,832 "
Akshay Kumar,Analyst,Jaipur,1-2,Y," 6,77,326 "
Isha Singh,Associate,Pune,3-4,Y," 9,99,847 "
Abhay Singh,Analyst,Jaipur,1-2,Y," 6,67,696 "
Naina Khanna,Analyst,Banglore,1-2,Y," 6,57,556 "
Anil Pillai,Analyst,Jaipur,1-2,Y," 6,66,688 "
Neeraj Dhillon,Senior Analyst,Banglore,2-3,Y," 8,27,191 "
Lochana Singh,Analyst,Banglore,0-1,Y," 5,70,000 "
Meena Sharma,Analyst,Banglore,1-2,Y," 6,50,999 "
Nanda Pillai,Analyst,Banglore,0-1,Y," 5,70,000 "
Manisha Banerjee,Analyst,Banglore,0-1,Y," 5,70,000 "
Diya Rao,Analyst,Pune,0-1,Y," 5,70,000 "
Kirti Rao,Analyst,Banglore,0-1,N," 5,70,000 "
Malati Khanna,Analyst,Banglore,1-2,Y," 6,89,746 "
Kavya Menon,Analyst,Banglore,1-2,N," 6,52,764 "
Agni Chowdhury,Analyst,Jaipur,1-2,Y," 6,68,447 "
Damini Verma,Manager,Jaipur,7-8,Y," 29,10,548 "
Amitabh Menon,Analyst,Jaipur,1-2,Y," 6,95,121 "
Ishita Joshi,Associate,Pune,4-5,Y," 9,90,176 "
Drishti Bhatia,Analyst,Pune,1-2,Y," 6,65,297 "
Jayant Kulkarni,Analyst,Banglore,0-1,Y," 5,70,000 "
Mayank Gupta,Analyst,Banglore,0-1,Y," 5,70,000 "
Rakesh Menon,Manager,Banglore,9-10,Y," 32,87,201 "
Raj Verma,Associate,Banglore,3-4,Y," 14,79,593 "
Gita Kapoor,Analyst,Pune,0-1,N," 5,70,000 "
Pratibha Verma,Senior Analyst,Banglore,1-2,Y," 8,66,178 "
Jitendra Bhatia,Analyst,Banglore,1-2,Y," 6,93,467 "
Balraj Singh,Senior Analyst,Jaipur,2-3,N," 7,39,278 "
Dhaval Pillai,Analyst,Pune,1-2,Y," 6,88,026 "
Leela Kumar,Analyst,Banglore,0-1,N," 5,70,000 "
Ahana Banerjee,Analyst,Jaipur,0-1,Y," 5,70,000 "
Mitra Singh,Analyst,Banglore,0-1,Y," 5,70,000 "
Manav Pillai,Analyst,Banglore,0-1,Y," 5,70,000 "
Ashok Chowdhury,Senior Analyst,Jaipur,1-2,Y," 8,31,898 "
Anjali Rao,Analyst,Jaipur,0-1,Y," 5,70,000 "
Anand Sinha,Analyst,Jaipur,1-2,Y," 6,75,379 "
Kamini Singh,Analyst,Banglore,1-2,Y," 6,71,736 "
Pallavi Pillai,Senior Analyst,Banglore,2-3,Y," 8,23,585 "
Kushan Dhillon,Analyst,Banglore,1-2,Y," 6,99,616 "
Mahendra Iyer,Analyst,Banglore,1-2,Y," 6,93,026 "
Rajat Reddy,Associate,Banglore,3-4,Y," 15,80,928 "
Jigar Rao,Analyst,Banglore,0-1,Y," 5,70,000 "
Nikita Sharma,Senior Analyst,Banglore,2-3,N," 8,00,000 "
Azad Kumar,Senior Analyst,Jaipur,1-2,Y," 8,74,157 "
Hema Banerjee,Senior Analyst,Pune,2-3,Y," 8,37,838 "
Dhanya Kulkarni,Analyst,Pune,0-1,Y," 5,70,000 "
Ranjana Sinha,Manager,Banglore,9-10,Y," 25,86,435 "
Ayush Patel,Senior Analyst,Jaipur,2-3,Y," 8,60,479 "
Mohan Kapoor,Analyst,Banglore,0-1,Y," 5,70,000 "
Mukesh Nair,Analyst,Banglore,0-1,N," 5,70,000 "
Chitrangada Patel,Associate,Jaipur,3-4,Y," 10,23,034 "
Durga Kaur,Analyst,Pune,0-1,Y," 5,70,000 "
Megha Patel,Analyst,Banglore,0-1,Y," 5,70,000 "
Ayesha Sharma,Senior Analyst,Jaipur,2-3,Y," 7,97,979 "
Arnav Nair,Senior Analyst,Jaipur,2-3,Y," 7,59,937 "
Gopal Nair,Analyst,Pune,0-1,Y," 5,70,000 "
Priyanka Chowdhury,Associate,Banglore,3-4,Y," 13,70,487 "
Divya Banerjee,Analyst,Pune,1-2,Y," 6,94,789 "
Purva Dhillon,Associate,Banglore,3-4,Y," 10,22,523 "
Bipin Chowdhury,Associate,Jaipur,3-4,Y," 9,50,310 "
Dhruv Chowdhury,Analyst,Pune,0-1,Y," 5,70,000 "
Prabhakar Gupta,Senior Analyst,Banglore,2-3,Y," 8,78,914 "
Neha Mehta,Senior Analyst,Banglore,2-3,Y," 8,03,203 "
Rajani Singh,Associate,Banglore,4-5,Y," 15,50,000 "
Prajwal Kumar,Senior Analyst,Banglore,2-3,Y," 7,98,506 "
Rashmi Chowdhury,Senior Associate,Banglore,6-7,Y," 24,15,447 "
Gitanjali Joshi,Analyst,Pune,1-2,Y," 6,62,617 "
Manjari Rao,Analyst,Banglore,1-2,Y," 6,85,966 "
Parvati Rao,Senior Analyst,Banglore,2-3,Y," 7,66,540 "
Aanya Sharma,Analyst,Jaipur,1-2,Y," 6,84,097 "
Haritha Kulkarni,Senior Analyst,Pune,2-3,Y," 8,74,620 "
Pratik Singh,Senior Analyst,Banglore,2-3,Y," 8,94,749 "
Mansi Dhillon,Analyst,Banglore,0-1,N," 5,70,000 "
Abishek Menon,Analyst,Jaipur,0-1,Y," 5,70,000 "
Lalit Gupta,Analyst,Banglore,1-2,Y," 6,88,925 "
Nutan Khanna,Senior Analyst,Banglore,2-3,N," 7,57,860 "
Arushi Khanna,Senior Analyst,Jaipur,2-3,Y," 7,31,274 "
Ravindra Kaur,Senior Associate,Banglore,4-5,Y," 20,84,629 "
Amrita Khanna,Analyst,Jaipur,0-1,Y," 5,70,000 "
Neela Bhatia,Senior Analyst,Banglore,2-3,Y," 7,81,187 "
Rajni Iyer,Associate,Banglore,4-5,N," 11,00,000 "
Rajiv Nair,Associate,Banglore,4-5,Y," 13,64,647 "
Ratan Banerjee,Senior Associate,Banglore,4-5,Y," 20,78,123 "
Ishani Kapoor,Associate,Pune,3-4,Y," 10,11,693 "
Keshav Sinha,Analyst,Banglore,1-2,N," 6,60,441 "
Priti Kulkarni,Associate,Banglore,3-4,Y," 11,71,667 "
Karan Reddy,Analyst,Banglore,0-1,Y," 5,70,000 "
Bhavin Joshi,Senior Analyst,Jaipur,2-3,Y," 8,00,808 "
Ashish Pillai,Senior Analyst,Jaipur,2-3,Y," 8,08,913 "
Ankita Kaur,Analyst,Jaipur,0-1,Y," 5,70,000 "
Naresh Rao,Analyst,Banglore,1-2,Y," 6,69,647 "
Raghu Patel,Associate,Banglore,3-4,Y," 12,79,950 "
Gayatri Verma,Analyst,Pune,1-2,Y," 6,67,714 "
Indrani Verma,Associate,Pune,4-5,N," 11,00,000 "
Rhea Sharma,Senior Associate,Banglore,6-7,Y," 18,84,348 "
Anurag Kumar,Analyst,Jaipur,0-1,Y," 5,70,000 "
Atharv Rao,Senior Analyst,Jaipur,2-3,N," 8,50,060 "
Rachana Gupta,Associate,Banglore,3-4,N," 11,50,000 "
Alok Singh,Analyst,Jaipur,1-2,Y," 6,79,088 "
Ishaan Reddy,Associate,Pune,4-5,Y," 9,01,372 "
Harsha Pillai,Senior Analyst,Pune,2-3,N," 7,43,907 "
Deepa Reddy,Senir Associate,Jaipur,,Y," 13,24,502 "
Priya Pillai,Associate,Banglore,4-5,Y," 14,23,630 "
Nitin Iyer,Senior Analyst,Banglore,2-3,Y," 8,22,884 "
Lakshmi Mehta,Analyst,Banglore,0-1,Y," 5,70,000 "
Prutha Banerjee,Associate,Banglore,4-5,Y," 11,30,975 "
Kamal Verma,Analyst,Banglore,0-1,Y," 5,70,000 "
Madhav Kapoor,Analyst,Banglore,0-1,Y," 5,70,000 "
Ankit Bhatia,Analyst,Jaipur,1-2,Y," 6,82,722 "
Bijay Khanna,Associate,Jaipur,3-4,Y," 9,58,924 "
Kshitij Bhatia,Analyst,Banglore,1-2,Y," 6,98,795 "
Nandini Chowdhury,Analyst,Banglore,1-2,Y," 6,73,115 "
Ayaan Gupta,Senior Analyst,Jaipur,2-3,Y," 8,74,505 "
Pratima Reddy,Senior Analyst,Banglore,2-3,N," 7,57,280 "
Pankaj Chowdhury,Senior Analyst,Banglore,2-3,Y," 8,85,800 "
Madhu Joshi,Analyst,Banglore,1-2,Y," 6,81,109 "
Mahima Menon,Analyst,Banglore,0-1,Y," 5,70,000 "
Deepika Nair,Senir Associate,Jaipur,,Y," 15,42,655 "
Amit Nair,Analyst,Jaipur,1-2,Y," 6,69,794 "
Geetanjali Singh,Analyst,Pune,0-1,Y," 5,70,000 "
Puneet Rao,Associate,Banglore,3-4,Y," 15,02,831 "
Kedar Khanna,Analyst,Banglore,0-1,Y," 5,70,000 "
Bhavna Nair,Senior Analyst,Jaipur,2-3,Y," 8,81,213 "
Mukul Menon,Analyst,Banglore,0-1,Y," 5,70,000 "
Bikram Sinha,Associate,Jaipur,4-5,Y," 10,20,947 "
Amita Iyer,Analyst,Jaipur,0-1,Y," 5,70,000 "
Amar Kapoor,Analyst,Jaipur,1-2,Y," 6,87,204 "
Aishwarya Rao,Analyst,Jaipur,1-2,Y," 6,96,134 "
Bhavya Iyer,Senior Analyst,Jaipur,2-3,Y," 8,07,821 "
Ajeet Kaur,Analyst,Jaipur,1-2,Y," 6,52,519 "
Kavita Iyer,Analyst,Banglore,0-1,Y," 5,70,000 "
Preity Iyer,Senior Analyst,Banglore,1-2,Y," 7,49,271 "
Avni Mehta,Senior Analyst,Jaipur,2-3,Y," 8,13,458 "
Abhiram Iyer,Analyst,Jaipur,1-2,Y," 6,95,357 "
Narain Banerjee,Analyst,Banglore,0-1,N," 5,70,000 "
Asha Kulkarni,Senior Analyst,Jaipur,2-3,Y," 8,08,047 "
Deepak Kapoor,Senir Associate,Jaipur,,Y," 17,14,061 "
Abhinav Joshi,Analyst,Jaipur,0-1,Y," 5,70,000 "
Advaita Kulkarni,Analyst,Jaipur,1-2,Y," 6,94,539 "
Ananya Kulkarni,Analyst,Jaipur,0-1,Y," 5,70,000 "
Hemant Rao,Senior Analyst,Pune,2-3,Y," 7,32,142 "
Chetan Dhillon,Associate,Jaipur,3-4,Y," 9,17,419 "
Dhairya Khanna,Senir Associate,Jaipur,,Y," 14,02,414 "
Pavan Bhatia,Senior Analyst,Banglore,2-3,N," 8,65,555 "
Areen Kapoor,Analyst,Jaipur,0-1,Y," 5,70,000 "
Kabir Dhillon,Analyst,Banglore,0-1,N," 5,70,000 "
Parul Banerjee,Senior Analyst,Banglore,2-3,Y," 7,53,470 "
Ila Sharma,Senior Analyst,Pune,2-3,Y," 8,05,979 "
Manjeet Bhatia,Analyst,Banglore,0-1,Y," 5,70,000 "
Aakash Patel,Analyst,Jaipur,0-1,Y," 5,70,000 "
Rekha Mehta,Senior Associate,Banglore,6-7,Y," 21,21,197 "
Prachi Sharma,Senior Analyst,Banglore,2-3,Y," 8,16,659 "
Rashi Pillai,Senior Associate,Banglore,5-6,Y," 22,95,146 "
Aditya Sinha,Analyst,Jaipur,0-1,Y," 5,70,000 "
Avani Kaur,Senior Analyst,Jaipur,2-3,Y," 8,13,559 "
Padma Kulkarni,Senior Analyst,Banglore,2-3,Y," 8,79,923 "
Aarav Gupta,Analyst,Jaipur,0-1,Y," 5,70,000 "
Harish Sinha,Analyst,Pune,0-1,Y," 5,70,000 "
Karthik Kapoor,Analyst,Banglore,1-2,Y," 6,60,243 "
Maruti Mehta,Analyst,Banglore,1-2,Y," 6,93,416 "
Fathima Sharma,Analyst,Pune,0-1,Y," 5,70,000 "
Nitara Joshi,Senior Analyst,Banglore,2-3,Y," 7,54,564 "
Nikhil Gupta,Senior Analyst,Banglore,2-3,Y," 8,56,722 "
Darshan Singh,Manager,Jaipur,8-9,Y," 30,39,209 "
Purab Kaur,Associate,Banglore,2-3,Y," 11,37,127 "
Jaya Sinha,Analyst,Banglore,1-2,Y," 6,57,432 "
Jayanti Pillai,Analyst,Banglore,1-2,Y," 6,72,615 "
Gautam Patel,Analyst,Pune,1-2,Y," 6,86,097 "
Manas Sinha,Analyst,Banglore,0-1,N," 5,70,000 "
Lavanya Patel,Analyst,Banglore,1-2,Y," 6,59,554 "
Brinda Banerjee,Associate,Jaipur,4-5,Y," 10,19,658 "
Arundhati Menon,Senior Analyst,Jaipur,2-3,Y," 8,41,886 "
Advika Pillai,Analyst,Jaipur,0-1,Y," 5,70,000 "
Akshara Patel,Analyst,Jaipur,0-1,Y," 5,70,000 "
Anuradha Patel,Analyst,Jaipur,1-2,Y," 6,54,800 "
Chaitanya Rao,Associate,Jaipur,3-4,Y," 10,31,403 "
Nisha Singh,Senior Analyst,Banglore,2-3,Y," 8,42,589 "
Neelam Kaur,Senior Analyst,Banglore,2-3,Y," 7,71,600 "
Jhanvi Banerjee,Analyst,Banglore,1-2,Y," 6,89,961 "
Aravind Singh,Analyst,Jaipur,0-1,Y," 5,70,000 "
Jaidev Khanna,Manager,Pune,8-9,Y," 29,45,176 "
Chirag Sharma,Associate,Jaipur,4-5,Y," 10,07,064 "
Dhanush Sinha,Senir Associate,Jaipur,,Y," 14,02,414 "
Mitali Reddy,Analyst,Banglore,1-2,Y," 6,64,724 "
Ketaki Kulkarni,Analyst,Banglore,0-1,Y," 5,70,000 "
Jahnavi Iyer,Senior Associate,Pune,5-6,Y," 17,29,701 "
Pradnya Patel,Senior Analyst,Banglore,2-3,Y," 8,82,632 "
Khushi Chowdhury,Analyst,Banglore,0-1,Y," 5,70,000 "
Preethi Nair,Senior Analyst,Banglore,2-3,Y," 8,28,900 "
Pushpa Mehta,Associate,Banglore,4-5,Y," 10,30,381 "
Ajay Bhatia,Analyst,Jaipur,0-1,Y," 5,70,000 "
